-- =============================================
-- SEED DATA - Cowork Agency
-- =============================================
-- NOTE: Run this after creating auth users in Supabase dashboard
-- or use the Supabase Admin API to create them.

-- =============================================
-- USERS (UUIDs fijos para referencia)
-- =============================================
insert into public.users (id, email, full_name, role, job_title, avatar_url) values
  ('00000000-0000-0000-0000-000000000001', 'yehisson@somosdex.com', 'Yehisson Admin', 'admin', 'CEO / Admin', 'https://api.dicebear.com/7.x/avataaars/svg?seed=yehisson'),
  ('00000000-0000-0000-0000-000000000002', 'maria@cowork.com', 'María López', 'project_manager', 'Social Media Manager', 'https://api.dicebear.com/7.x/avataaars/svg?seed=maria'),
  ('00000000-0000-0000-0000-000000000003', 'carlos@cowork.com', 'Carlos Ruiz', 'project_manager', 'SEO Specialist', 'https://api.dicebear.com/7.x/avataaars/svg?seed=carlos'),
  ('00000000-0000-0000-0000-000000000004', 'andrea@cowork.com', 'Andrea Gómez', 'collaborator', 'Content Creator', 'https://api.dicebear.com/7.x/avataaars/svg?seed=andrea'),
  ('00000000-0000-0000-0000-000000000005', 'luis@cowork.com', 'Luis Martínez', 'collaborator', 'Graphic Designer', 'https://api.dicebear.com/7.x/avataaars/svg?seed=luis')
on conflict (id) do nothing;

-- =============================================
-- PROJECTS (5 proyectos fijos)
-- =============================================
insert into public.projects (id, name, slug, color, manager_id) values
  ('10000000-0000-0000-0000-000000000001', 'Social Media', 'social-media', '#8b5cf6', '00000000-0000-0000-0000-000000000002'),
  ('10000000-0000-0000-0000-000000000002', 'SEO', 'seo', '#3b82f6', '00000000-0000-0000-0000-000000000003'),
  ('10000000-0000-0000-0000-000000000003', 'Ads', 'ads', '#f59e0b', '00000000-0000-0000-0000-000000000001'),
  ('10000000-0000-0000-0000-000000000004', 'Branding', 'branding', '#ec4899', '00000000-0000-0000-0000-000000000001'),
  ('10000000-0000-0000-0000-000000000005', 'Eventos', 'eventos', '#10b981', '00000000-0000-0000-0000-000000000001')
on conflict (id) do nothing;

-- =============================================
-- PROJECT STATUSES
-- =============================================
-- Social Media statuses
insert into public.project_statuses (id, project_id, name, color, position) values
  ('20000000-0000-0000-0000-000000000001', '10000000-0000-0000-0000-000000000001', 'Estrategia', '#94a3b8', 0),
  ('20000000-0000-0000-0000-000000000002', '10000000-0000-0000-0000-000000000001', 'Pendiente', '#f59e0b', 1),
  ('20000000-0000-0000-0000-000000000003', '10000000-0000-0000-0000-000000000001', 'En Revisión', '#8b5cf6', 2),
  ('20000000-0000-0000-0000-000000000004', '10000000-0000-0000-0000-000000000001', 'Aprobado', '#10b981', 3),
  ('20000000-0000-0000-0000-000000000005', '10000000-0000-0000-0000-000000000001', 'Programado', '#3b82f6', 4)
on conflict (id) do nothing;

-- SEO statuses
insert into public.project_statuses (id, project_id, name, color, position) values
  ('20000000-0000-0000-0000-000000000006', '10000000-0000-0000-0000-000000000002', 'Investigación', '#94a3b8', 0),
  ('20000000-0000-0000-0000-000000000007', '10000000-0000-0000-0000-000000000002', 'Redacción', '#f59e0b', 1),
  ('20000000-0000-0000-0000-000000000008', '10000000-0000-0000-0000-000000000002', 'En Revisión', '#8b5cf6', 2),
  ('20000000-0000-0000-0000-000000000009', '10000000-0000-0000-0000-000000000002', 'Publicado', '#10b981', 3)
on conflict (id) do nothing;

-- Ads statuses
insert into public.project_statuses (id, project_id, name, color, position) values
  ('20000000-0000-0000-0000-000000000010', '10000000-0000-0000-0000-000000000003', 'Briefing', '#94a3b8', 0),
  ('20000000-0000-0000-0000-000000000011', '10000000-0000-0000-0000-000000000003', 'Diseño', '#f59e0b', 1),
  ('20000000-0000-0000-0000-000000000012', '10000000-0000-0000-0000-000000000003', 'En Revisión', '#8b5cf6', 2),
  ('20000000-0000-0000-0000-000000000013', '10000000-0000-0000-0000-000000000003', 'Activo', '#10b981', 3)
on conflict (id) do nothing;

-- Branding statuses
insert into public.project_statuses (id, project_id, name, color, position) values
  ('20000000-0000-0000-0000-000000000014', '10000000-0000-0000-0000-000000000004', 'Concepto', '#94a3b8', 0),
  ('20000000-0000-0000-0000-000000000015', '10000000-0000-0000-0000-000000000004', 'Propuesta', '#f59e0b', 1),
  ('20000000-0000-0000-0000-000000000016', '10000000-0000-0000-0000-000000000004', 'En Revisión', '#8b5cf6', 2),
  ('20000000-0000-0000-0000-000000000017', '10000000-0000-0000-0000-000000000004', 'Aprobado', '#10b981', 3)
on conflict (id) do nothing;

-- Eventos statuses
insert into public.project_statuses (id, project_id, name, color, position) values
  ('20000000-0000-0000-0000-000000000018', '10000000-0000-0000-0000-000000000005', 'Planeación', '#94a3b8', 0),
  ('20000000-0000-0000-0000-000000000019', '10000000-0000-0000-0000-000000000005', 'En Progreso', '#f59e0b', 1),
  ('20000000-0000-0000-0000-000000000020', '10000000-0000-0000-0000-000000000005', 'En Revisión', '#8b5cf6', 2),
  ('20000000-0000-0000-0000-000000000021', '10000000-0000-0000-0000-000000000005', 'Completado', '#10b981', 3)
on conflict (id) do nothing;

-- =============================================
-- PROJECT MEMBERS
-- =============================================
insert into public.project_members (project_id, user_id) values
  -- Social Media: María (manager) + Andrea + Luis
  ('10000000-0000-0000-0000-000000000001', '00000000-0000-0000-0000-000000000002'),
  ('10000000-0000-0000-0000-000000000001', '00000000-0000-0000-0000-000000000004'),
  ('10000000-0000-0000-0000-000000000001', '00000000-0000-0000-0000-000000000005'),
  -- SEO: Carlos (manager) + Andrea
  ('10000000-0000-0000-0000-000000000002', '00000000-0000-0000-0000-000000000003'),
  ('10000000-0000-0000-0000-000000000002', '00000000-0000-0000-0000-000000000004'),
  -- Ads: Yehisson (manager) + Luis
  ('10000000-0000-0000-0000-000000000003', '00000000-0000-0000-0000-000000000001'),
  ('10000000-0000-0000-0000-000000000003', '00000000-0000-0000-0000-000000000005'),
  -- Branding: Yehisson + Luis
  ('10000000-0000-0000-0000-000000000004', '00000000-0000-0000-0000-000000000001'),
  ('10000000-0000-0000-0000-000000000004', '00000000-0000-0000-0000-000000000005'),
  -- Eventos: Yehisson + Andrea
  ('10000000-0000-0000-0000-000000000005', '00000000-0000-0000-0000-000000000001'),
  ('10000000-0000-0000-0000-000000000005', '00000000-0000-0000-0000-000000000004')
on conflict do nothing;

-- =============================================
-- CLIENTS
-- =============================================
insert into public.clients (id, name, company, email, color) values
  ('30000000-0000-0000-0000-000000000001', 'Rosa Rodriguez', 'Boutique Rosa', 'rosa@boutique.com', '#ec4899'),
  ('30000000-0000-0000-0000-000000000002', 'Padilla', 'Padilla & Asociados', 'contacto@padilla.com', '#3b82f6'),
  ('30000000-0000-0000-0000-000000000003', 'Acreser', 'Acreser Corp', 'marketing@acreser.com', '#f59e0b'),
  ('30000000-0000-0000-0000-000000000004', 'Faciora', 'Faciora Studio', 'info@faciora.com', '#10b981')
on conflict (id) do nothing;

-- =============================================
-- CLIENT PROJECTS
-- =============================================
insert into public.client_projects (client_id, project_id) values
  ('30000000-0000-0000-0000-000000000001', '10000000-0000-0000-0000-000000000001'),
  ('30000000-0000-0000-0000-000000000001', '10000000-0000-0000-0000-000000000004'),
  ('30000000-0000-0000-0000-000000000002', '10000000-0000-0000-0000-000000000001'),
  ('30000000-0000-0000-0000-000000000002', '10000000-0000-0000-0000-000000000002'),
  ('30000000-0000-0000-0000-000000000003', '10000000-0000-0000-0000-000000000001'),
  ('30000000-0000-0000-0000-000000000003', '10000000-0000-0000-0000-000000000003'),
  ('30000000-0000-0000-0000-000000000004', '10000000-0000-0000-0000-000000000001'),
  ('30000000-0000-0000-0000-000000000004', '10000000-0000-0000-0000-000000000005')
on conflict do nothing;

-- =============================================
-- TASKS (15 tareas)
-- =============================================
insert into public.tasks (id, title, content_type, client_id, project_id, status_id, assignee_id, approver_id, priority, due_date, position) values
  -- Social Media - Rosa Rodriguez
  ('40000000-0000-0000-0000-000000000001', 'Post Instagram - Lanzamiento colección', 'Imagen', '30000000-0000-0000-0000-000000000001', '10000000-0000-0000-0000-000000000001', '20000000-0000-0000-0000-000000000002', '00000000-0000-0000-0000-000000000004', '00000000-0000-0000-0000-000000000002', 'high', '2026-05-10', 0),
  ('40000000-0000-0000-0000-000000000002', 'Story Reels - Behind the scenes', 'Video', '30000000-0000-0000-0000-000000000001', '10000000-0000-0000-0000-000000000001', '20000000-0000-0000-0000-000000000003', '00000000-0000-0000-0000-000000000005', '00000000-0000-0000-0000-000000000002', 'medium', '2026-05-12', 1),
  ('40000000-0000-0000-0000-000000000003', 'Carrusel - Tips de moda verano', 'Carrusel', '30000000-0000-0000-0000-000000000001', '10000000-0000-0000-0000-000000000001', '20000000-0000-0000-0000-000000000004', '00000000-0000-0000-0000-000000000004', '00000000-0000-0000-0000-000000000002', 'low', '2026-05-15', 2),

  -- Social Media - Padilla
  ('40000000-0000-0000-0000-000000000004', 'Post LinkedIn - Casos de éxito Q1', 'Imagen', '30000000-0000-0000-0000-000000000002', '10000000-0000-0000-0000-000000000001', '20000000-0000-0000-0000-000000000001', '00000000-0000-0000-0000-000000000004', '00000000-0000-0000-0000-000000000002', 'urgent', '2026-05-05', 0),
  ('40000000-0000-0000-0000-000000000005', 'Infografía - Servicios legales', 'Infografía', '30000000-0000-0000-0000-000000000002', '10000000-0000-0000-0000-000000000001', '20000000-0000-0000-0000-000000000002', '00000000-0000-0000-0000-000000000005', '00000000-0000-0000-0000-000000000002', 'high', '2026-05-08', 1),

  -- Social Media - Acreser
  ('40000000-0000-0000-0000-000000000006', 'Video corporativo Instagram', 'Video', '30000000-0000-0000-0000-000000000003', '10000000-0000-0000-0000-000000000001', '20000000-0000-0000-0000-000000000003', '00000000-0000-0000-0000-000000000004', '00000000-0000-0000-0000-000000000002', 'medium', '2026-05-20', 0),
  ('40000000-0000-0000-0000-000000000007', 'Stories animadas - Promoción mayo', 'Imagen', '30000000-0000-0000-0000-000000000003', '10000000-0000-0000-0000-000000000001', '20000000-0000-0000-0000-000000000005', '00000000-0000-0000-0000-000000000005', '00000000-0000-0000-0000-000000000002', 'low', '2026-05-25', 1),

  -- Social Media - Faciora
  ('40000000-0000-0000-0000-000000000008', 'Lookbook digital primavera', 'Carrusel', '30000000-0000-0000-0000-000000000004', '10000000-0000-0000-0000-000000000001', '20000000-0000-0000-0000-000000000002', '00000000-0000-0000-0000-000000000004', '00000000-0000-0000-0000-000000000002', 'high', '2026-05-18', 0),

  -- SEO - Padilla
  ('40000000-0000-0000-0000-000000000009', 'Artículo - Derecho laboral 2026', 'Artículo', '30000000-0000-0000-0000-000000000002', '10000000-0000-0000-0000-000000000002', '20000000-0000-0000-0000-000000000006', '00000000-0000-0000-0000-000000000004', '00000000-0000-0000-0000-000000000003', 'medium', '2026-05-14', 0),
  ('40000000-0000-0000-0000-000000000010', 'Optimización homepage keywords', 'SEO On-page', '30000000-0000-0000-0000-000000000002', '10000000-0000-0000-0000-000000000002', '20000000-0000-0000-0000-000000000008', '00000000-0000-0000-0000-000000000004', '00000000-0000-0000-0000-000000000003', 'high', '2026-05-07', 1),

  -- Ads - Acreser
  ('40000000-0000-0000-0000-000000000011', 'Banner Google Ads 300x250', 'Banner', '30000000-0000-0000-0000-000000000003', '10000000-0000-0000-0000-000000000003', '20000000-0000-0000-0000-000000000011', '00000000-0000-0000-0000-000000000005', '00000000-0000-0000-0000-000000000001', 'urgent', '2026-05-03', 0),
  ('40000000-0000-0000-0000-000000000012', 'Creativos Facebook Ads - Campaña verano', 'Imagen', '30000000-0000-0000-0000-000000000003', '10000000-0000-0000-0000-000000000003', '20000000-0000-0000-0000-000000000012', '00000000-0000-0000-0000-000000000005', '00000000-0000-0000-0000-000000000001', 'high', '2026-05-06', 1),

  -- Branding - Rosa Rodriguez
  ('40000000-0000-0000-0000-000000000013', 'Manual de marca completo', 'PDF', '30000000-0000-0000-0000-000000000001', '10000000-0000-0000-0000-000000000004', '20000000-0000-0000-0000-000000000015', '00000000-0000-0000-0000-000000000005', '00000000-0000-0000-0000-000000000001', 'high', '2026-05-22', 0),

  -- Eventos - Faciora
  ('40000000-0000-0000-0000-000000000014', 'Diseño invitaciones evento junio', 'Imagen', '30000000-0000-0000-0000-000000000004', '10000000-0000-0000-0000-000000000005', '20000000-0000-0000-0000-000000000018', '00000000-0000-0000-0000-000000000004', '00000000-0000-0000-0000-000000000001', 'medium', '2026-05-30', 0),
  ('40000000-0000-0000-0000-000000000015', 'Kit digital para evento - Redes', 'Carrusel', '30000000-0000-0000-0000-000000000004', '10000000-0000-0000-0000-000000000005', '20000000-0000-0000-0000-000000000019', '00000000-0000-0000-0000-000000000004', '00000000-0000-0000-0000-000000000001', 'low', '2026-06-01', 1)
on conflict (id) do nothing;
